state_code,district_code,Please select district,active_status,creation_date,last_update,flag
1,1,Anantnag,1,27-05-2020 10:40,27-05-2020 10:40,1
1,10,Poonch,1,27-05-2020 10:40,27-05-2020 10:40,1
8,100,Ganganagar,1,27-05-2020 10:40,27-05-2020 10:40,1
8,101,Hanumangarh,1,27-05-2020 10:40,27-05-2020 10:40,1
8,102,Jaipur,1,27-05-2020 10:40,27-05-2020 10:40,1
8,103,Jaisalmer,1,27-05-2020 10:40,27-05-2020 10:40,1
8,104,Jalore,1,27-05-2020 10:40,27-05-2020 10:40,1
8,105,Jhalawar,1,27-05-2020 10:40,27-05-2020 10:40,1
8,106,Jhunjhunu,1,27-05-2020 10:40,27-05-2020 10:40,1
8,107,Jodhpur,1,27-05-2020 10:40,27-05-2020 10:40,1
8,108,Karauli,1,27-05-2020 10:40,27-05-2020 10:40,1
8,109,Kota,1,27-05-2020 10:40,27-05-2020 10:40,1
1,11,Pulwama,1,27-05-2020 10:40,27-05-2020 10:40,1
8,110,Nagaur,1,27-05-2020 10:40,27-05-2020 10:40,1
8,111,Pali,1,27-05-2020 10:40,27-05-2020 10:40,1
8,112,Rajsamand,1,27-05-2020 10:40,27-05-2020 10:40,1
8,113,Sawai Madhopur,1,27-05-2020 10:40,27-05-2020 10:40,1
8,114,Sikar,1,27-05-2020 10:40,27-05-2020 10:40,1
8,115,Sirohi,1,27-05-2020 10:40,27-05-2020 10:40,1
8,116,Tonk,1,27-05-2020 10:40,27-05-2020 10:40,1
8,117,Udaipur,1,27-05-2020 10:40,27-05-2020 10:40,1
9,118,Agra,1,27-05-2020 10:40,27-05-2020 10:40,1
9,119,Aligarh,1,27-05-2020 10:40,27-05-2020 10:40,1
1,12,Rajouri,1,27-05-2020 10:40,27-05-2020 10:40,1
9,120,Prayagraj,1,27-05-2020 10:40,27-05-2020 10:40,1
9,121,Ambedkar Nagar,1,27-05-2020 10:40,27-05-2020 10:40,1
9,122,Auraiya,1,27-05-2020 10:40,27-05-2020 10:40,1
9,123,Azamgarh,1,27-05-2020 10:40,27-05-2020 10:40,1
9,124,Baghpat,1,27-05-2020 10:40,27-05-2020 10:40,1
9,125,Bahraich,1,27-05-2020 10:40,27-05-2020 10:40,1
9,126,Ballia,1,27-05-2020 10:40,27-05-2020 10:40,1
9,127,Balrampur,1,27-05-2020 10:40,27-05-2020 10:40,1
9,128,Banda,1,27-05-2020 10:40,27-05-2020 10:40,1
9,129,Barabanki,1,27-05-2020 10:40,27-05-2020 10:40,1
1,13,Srinagar,1,27-05-2020 10:40,27-05-2020 10:40,1
9,130,Bareilly,1,27-05-2020 10:40,27-05-2020 10:40,1
9,131,Basti,1,27-05-2020 10:40,27-05-2020 10:40,1
9,132,Bijnor,1,27-05-2020 10:40,27-05-2020 10:40,1
9,133,Budaun,1,27-05-2020 10:40,27-05-2020 10:40,1
9,134,Bulandshahr,1,27-05-2020 10:40,27-05-2020 10:40,1
9,135,Chandauli,1,27-05-2020 10:40,27-05-2020 10:40,1
9,136,Chitrakoot,1,27-05-2020 10:40,27-05-2020 10:40,1
9,137,Deoria,1,27-05-2020 10:40,27-05-2020 10:40,1
9,138,Etah,1,27-05-2020 10:40,27-05-2020 10:40,1
9,139,Etawah,1,27-05-2020 10:40,27-05-2020 10:40,1
1,14,Udhampur,1,27-05-2020 10:40,27-05-2020 10:40,1
9,140,Ayodhya,1,27-05-2020 10:40,27-05-2020 10:40,1
9,141,Farrukhabad,1,27-05-2020 10:40,27-05-2020 10:40,1
9,142,Fatehpur,1,27-05-2020 10:40,27-05-2020 10:40,1
9,143,Firozabad,1,27-05-2020 10:40,27-05-2020 10:40,1
9,144,Gautam Buddha Nagar,1,27-05-2020 10:40,27-05-2020 10:40,1
9,145,Ghaziabad,1,27-05-2020 10:40,27-05-2020 10:40,1
9,146,Ghazipur,1,27-05-2020 10:40,27-05-2020 10:40,1
9,147,Gonda,1,27-05-2020 10:40,27-05-2020 10:40,1
9,148,Gorakhpur,1,27-05-2020 10:40,27-05-2020 10:40,1
9,149,Hamirpur,1,27-05-2020 10:40,27-05-2020 10:40,1
2,15,Bilaspur,1,27-05-2020 10:40,27-05-2020 10:40,1
9,150,Hardoi,1,27-05-2020 10:40,27-05-2020 10:40,1
9,151,Jalaun,1,27-05-2020 10:40,27-05-2020 10:40,1
9,152,Jaunpur,1,27-05-2020 10:40,27-05-2020 10:40,1
9,153,Jhansi,1,27-05-2020 10:40,27-05-2020 10:40,1
9,154,Amroha,1,27-05-2020 10:40,27-05-2020 10:40,1
9,155,Kannauj,1,27-05-2020 10:40,27-05-2020 10:40,1
9,156,Kanpur Dehat,1,27-05-2020 10:40,27-05-2020 10:40,1
9,157,Kanpur Nagar,1,27-05-2020 10:40,27-05-2020 10:40,1
9,158,Kaushambi,1,27-05-2020 10:40,27-05-2020 10:40,1
9,159,Kheri,1,27-05-2020 10:40,27-05-2020 10:40,1
2,16,Chamba,1,27-05-2020 10:40,27-05-2020 10:40,1
9,160,Kushi Nagar,1,27-05-2020 10:40,27-05-2020 10:40,1
9,161,Lalitpur,1,27-05-2020 10:40,27-05-2020 10:40,1
9,162,Lucknow,1,27-05-2020 10:40,27-05-2020 10:40,1
9,163,Hathras,1,27-05-2020 10:40,27-05-2020 10:40,1
9,164,Maharajganj,1,27-05-2020 10:40,27-05-2020 10:40,1
9,165,Mahoba,1,27-05-2020 10:40,27-05-2020 10:40,1
9,166,Mainpuri,1,27-05-2020 10:40,27-05-2020 10:40,1
9,167,Mathura,1,27-05-2020 10:40,27-05-2020 10:40,1
9,168,Mau,1,27-05-2020 10:40,27-05-2020 10:40,1
9,169,Meerut,1,27-05-2020 10:40,27-05-2020 10:40,1
2,17,Hamirpur,1,27-05-2020 10:40,27-05-2020 10:40,1
9,170,Mirzapur,1,27-05-2020 10:40,27-05-2020 10:40,1
9,171,Moradabad,1,27-05-2020 10:40,27-05-2020 10:40,1
9,172,Muzaffarnagar,1,27-05-2020 10:40,27-05-2020 10:40,1
9,173,Pilibhit,1,27-05-2020 10:40,27-05-2020 10:40,1
9,174,Pratapgarh,1,27-05-2020 10:40,27-05-2020 10:40,1
9,175,Rae Bareli,1,27-05-2020 10:40,27-05-2020 10:40,1
9,176,Rampur,1,27-05-2020 10:40,27-05-2020 10:40,1
9,177,Saharanpur,1,27-05-2020 10:40,27-05-2020 10:40,1
9,178,Sant Kabeer Nagar,1,27-05-2020 10:40,27-05-2020 10:40,1
9,179,Bhadohi,1,27-05-2020 10:40,27-05-2020 10:40,1
2,18,Kangra,1,27-05-2020 10:40,27-05-2020 10:40,1
9,180,Shahjahanpur,1,27-05-2020 10:40,27-05-2020 10:40,1
9,181,Shravasti,1,27-05-2020 10:40,27-05-2020 10:40,1
9,182,Siddharth Nagar,1,27-05-2020 10:40,27-05-2020 10:40,1
9,183,Sitapur,1,27-05-2020 10:40,27-05-2020 10:40,1
9,184,Sonbhadra,1,27-05-2020 10:40,27-05-2020 10:40,1
9,185,Sultanpur,1,27-05-2020 10:40,27-05-2020 10:40,1
9,186,Unnao,1,27-05-2020 10:40,27-05-2020 10:40,1
9,187,Varanasi,1,27-05-2020 10:40,27-05-2020 10:40,1
10,188,Araria,1,27-05-2020 10:40,27-05-2020 10:40,1
10,189,Aurangabad,1,27-05-2020 10:40,27-05-2020 10:40,1
2,19,Kinnaur,1,27-05-2020 10:40,27-05-2020 10:40,1
10,190,Banka,1,27-05-2020 10:40,27-05-2020 10:40,1
10,191,Begusarai,1,27-05-2020 10:40,27-05-2020 10:40,1
10,192,Bhagalpur,1,27-05-2020 10:40,27-05-2020 10:40,1
10,193,Bhojpur,1,27-05-2020 10:40,27-05-2020 10:40,1
10,194,Buxar,1,27-05-2020 10:40,27-05-2020 10:40,1
10,195,Darbhanga,1,27-05-2020 10:40,27-05-2020 10:40,1
10,196,Gaya,1,27-05-2020 10:40,27-05-2020 10:40,1
10,197,Gopalganj,1,27-05-2020 10:40,27-05-2020 10:40,1
10,198,Jamui,1,27-05-2020 10:40,27-05-2020 10:40,1
10,199,Jehanabad,1,27-05-2020 10:40,27-05-2020 10:40,1
1,2,Budgam,1,27-05-2020 10:40,27-05-2020 10:40,1
2,20,Kullu,1,27-05-2020 10:40,27-05-2020 10:40,1
10,200,Kaimur (Bhabua),1,27-05-2020 10:40,27-05-2020 10:40,1
10,201,Katihar,1,27-05-2020 10:40,27-05-2020 10:40,1
10,202,Khagaria,1,27-05-2020 10:40,27-05-2020 10:40,1
10,203,Kishanganj,1,27-05-2020 10:40,27-05-2020 10:40,1
10,204,Lakhisarai,1,27-05-2020 10:40,27-05-2020 10:40,1
10,205,Madhepura,1,27-05-2020 10:40,27-05-2020 10:40,1
10,206,Madhubani,1,27-05-2020 10:40,27-05-2020 10:40,1
10,207,Munger,1,27-05-2020 10:40,27-05-2020 10:40,1
10,208,Muzaffarpur,1,27-05-2020 10:40,27-05-2020 10:40,1
10,209,Nalanda,1,27-05-2020 10:40,27-05-2020 10:40,1
2,21,Lahul And Spiti,1,27-05-2020 10:40,27-05-2020 10:40,1
10,210,Nawada,1,27-05-2020 10:40,27-05-2020 10:40,1
10,211,Pashchim Champaran,1,27-05-2020 10:40,27-05-2020 10:40,1
10,212,Patna,1,27-05-2020 10:40,27-05-2020 10:40,1
10,213,Purbi Champaran,1,27-05-2020 10:40,27-05-2020 10:40,1
10,214,Purnia,1,27-05-2020 10:40,27-05-2020 10:40,1
10,215,Rohtas,1,27-05-2020 10:40,27-05-2020 10:40,1
10,216,Saharsa,1,27-05-2020 10:40,27-05-2020 10:40,1
10,217,Samastipur,1,27-05-2020 10:40,27-05-2020 10:40,1
10,218,Saran,1,27-05-2020 10:40,27-05-2020 10:40,1
10,219,Sheikhpura,1,27-05-2020 10:40,27-05-2020 10:40,1
2,22,Mandi,1,27-05-2020 10:40,27-05-2020 10:40,1
10,220,Sheohar,1,27-05-2020 10:40,27-05-2020 10:40,1
10,221,Sitamarhi,1,27-05-2020 10:40,27-05-2020 10:40,1
10,222,Siwan,1,27-05-2020 10:40,27-05-2020 10:40,1
10,223,Supaul,1,27-05-2020 10:40,27-05-2020 10:40,1
10,224,Vaishali,1,27-05-2020 10:40,27-05-2020 10:40,1
11,225,East District,1,27-05-2020 10:40,27-05-2020 10:40,1
11,226,North District,1,27-05-2020 10:40,27-05-2020 10:40,1
11,227,South District,1,27-05-2020 10:40,27-05-2020 10:40,1
11,228,West District,1,27-05-2020 10:40,27-05-2020 10:40,1
12,229,Changlang,1,27-05-2020 10:40,27-05-2020 10:40,1
2,23,Shimla,1,27-05-2020 10:40,27-05-2020 10:40,1
12,230,Dibang Valley,1,27-05-2020 10:40,27-05-2020 10:40,1
12,231,East Kameng,1,27-05-2020 10:40,27-05-2020 10:40,1
12,232,East Siang,1,27-05-2020 10:40,27-05-2020 10:40,1
12,233,Kurung Kumey,1,27-05-2020 10:40,27-05-2020 10:40,1
12,234,Lohit,1,27-05-2020 10:40,27-05-2020 10:40,1
12,235,Lower Dibang Valley,1,27-05-2020 10:40,27-05-2020 10:40,1
12,236,Lower Subansiri,1,27-05-2020 10:40,27-05-2020 10:40,1
12,237,Papum Pare,1,27-05-2020 10:40,27-05-2020 10:40,1
12,238,Tawang,1,27-05-2020 10:40,27-05-2020 10:40,1
12,239,Tirap,1,27-05-2020 10:40,27-05-2020 10:40,1
2,24,Sirmaur,1,27-05-2020 10:40,27-05-2020 10:40,1
12,240,Upper Siang,1,27-05-2020 10:40,27-05-2020 10:40,1
12,241,Upper Subansiri,1,27-05-2020 10:40,27-05-2020 10:40,1
12,242,West Kameng,1,27-05-2020 10:40,27-05-2020 10:40,1
12,243,West Siang,1,27-05-2020 10:40,27-05-2020 10:40,1
13,244,Dimapur,1,27-05-2020 10:40,27-05-2020 10:40,1
13,245,Kohima,1,27-05-2020 10:40,27-05-2020 10:40,1
13,246,Mokokchung,1,27-05-2020 10:40,27-05-2020 10:40,1
13,247,Mon,1,27-05-2020 10:40,27-05-2020 10:40,1
13,248,Phek,1,27-05-2020 10:40,27-05-2020 10:40,1
13,249,Tuensang,1,27-05-2020 10:40,27-05-2020 10:40,1
2,25,Solan,1,27-05-2020 10:40,27-05-2020 10:40,1
13,250,Wokha,1,27-05-2020 10:40,27-05-2020 10:40,1
13,251,Zunheboto,1,27-05-2020 10:40,27-05-2020 10:40,1
14,252,Bishnupur,1,27-05-2020 10:40,27-05-2020 10:40,1
14,253,Chandel,1,27-05-2020 10:40,27-05-2020 10:40,1
14,254,Churachandpur,1,27-05-2020 10:40,27-05-2020 10:40,1
14,255,Imphal East,1,27-05-2020 10:40,27-05-2020 10:40,1
14,256,Imphal West,1,27-05-2020 10:40,27-05-2020 10:40,1
14,257,Senapati,1,27-05-2020 10:40,27-05-2020 10:40,1
14,258,Tamenglong,1,27-05-2020 10:40,27-05-2020 10:40,1
14,259,Thoubal,1,27-05-2020 10:40,27-05-2020 10:40,1
2,26,Una,1,27-05-2020 10:40,27-05-2020 10:40,1
14,260,Ukhrul,1,27-05-2020 10:40,27-05-2020 10:40,1
15,261,Aizawl,1,27-05-2020 10:40,27-05-2020 10:40,1
15,262,Champhai,1,27-05-2020 10:40,27-05-2020 10:40,1
15,263,Kolasib,1,27-05-2020 10:40,27-05-2020 10:40,1
15,264,Lawngtlai,1,27-05-2020 10:40,27-05-2020 10:40,1
15,265,Lunglei,1,27-05-2020 10:40,27-05-2020 10:40,1
15,266,Mamit,1,27-05-2020 10:40,27-05-2020 10:40,1
15,267,Saiha,1,27-05-2020 10:40,27-05-2020 10:40,1
15,268,Serchhip,1,27-05-2020 10:40,27-05-2020 10:40,1
16,269,Dhalai,1,27-05-2020 10:40,27-05-2020 10:40,1
3,27,Amritsar,1,27-05-2020 10:40,27-05-2020 10:40,1
16,270,North Tripura,1,27-05-2020 10:40,27-05-2020 10:40,1
16,271,South Tripura,1,27-05-2020 10:40,27-05-2020 10:40,1
16,272,West Tripura,1,27-05-2020 10:40,27-05-2020 10:40,1
17,273,East Garo Hills,1,27-05-2020 10:40,27-05-2020 10:40,1
17,274,East Khasi Hills,1,27-05-2020 10:40,27-05-2020 10:40,1
17,275,West Jaintia Hills,1,27-05-2020 10:40,27-05-2020 10:40,1
17,276,Ri Bhoi,1,27-05-2020 10:40,27-05-2020 10:40,1
17,277,South Garo Hills,1,27-05-2020 10:40,27-05-2020 10:40,1
17,278,West Garo Hills,1,27-05-2020 10:40,27-05-2020 10:40,1
17,279,West Khasi Hills,1,27-05-2020 10:40,27-05-2020 10:40,1
3,28,Bathinda,1,27-05-2020 10:40,27-05-2020 10:40,1
18,280,Barpeta,1,27-05-2020 10:40,27-05-2020 10:40,1
18,281,Bongaigaon,1,27-05-2020 10:40,27-05-2020 10:40,1
18,282,Cachar,1,27-05-2020 10:40,27-05-2020 10:40,1
18,283,Darrang,1,27-05-2020 10:40,27-05-2020 10:40,1
18,284,Dhemaji,1,27-05-2020 10:40,27-05-2020 10:40,1
18,285,Dhubri,1,27-05-2020 10:40,27-05-2020 10:40,1
18,286,Dibrugarh,1,27-05-2020 10:40,27-05-2020 10:40,1
18,287,Goalpara,1,27-05-2020 10:40,27-05-2020 10:40,1
18,288,Golaghat,1,27-05-2020 10:40,27-05-2020 10:40,1
18,289,Hailakandi,1,27-05-2020 10:40,27-05-2020 10:40,1
3,29,Faridkot,1,27-05-2020 10:40,27-05-2020 10:40,1
18,290,Jorhat,1,27-05-2020 10:40,27-05-2020 10:40,1
18,291,Kamrup,1,27-05-2020 10:40,27-05-2020 10:40,1
18,292,Karbi Anglong,1,27-05-2020 10:40,27-05-2020 10:40,1
18,293,Karimganj,1,27-05-2020 10:40,27-05-2020 10:40,1
18,294,Kokrajhar,1,27-05-2020 10:40,27-05-2020 10:40,1
18,295,Lakhimpur,1,27-05-2020 10:40,27-05-2020 10:40,1
18,296,Marigaon,1,27-05-2020 10:40,27-05-2020 10:40,1
18,297,Nagaon,1,27-05-2020 10:40,27-05-2020 10:40,1
18,298,Nalbari,1,27-05-2020 10:40,27-05-2020 10:40,1
18,299,Dima Hasao,1,27-05-2020 10:40,27-05-2020 10:40,1
1,3,Baramulla,1,27-05-2020 10:40,27-05-2020 10:40,1
3,30,Fatehgarh Sahib,1,27-05-2020 10:40,27-05-2020 10:40,1
18,300,Sivasagar,1,27-05-2020 10:40,27-05-2020 10:40,1
18,301,Sonitpur,1,27-05-2020 10:40,27-05-2020 10:40,1
18,302,Tinsukia,1,27-05-2020 10:40,27-05-2020 10:40,1
19,303,24 Paraganas North,1,27-05-2020 10:40,27-05-2020 10:40,1
19,304,24 Paraganas South,1,27-05-2020 10:40,27-05-2020 10:40,1
19,305,Bankura,1,27-05-2020 10:40,27-05-2020 10:40,1
19,306,Purba Bardhaman,1,27-05-2020 10:40,27-05-2020 10:40,1
19,307,Birbhum,1,27-05-2020 10:40,27-05-2020 10:40,1
19,308,Coochbehar,1,27-05-2020 10:40,27-05-2020 10:40,1
19,309,Darjeeling,1,27-05-2020 10:40,27-05-2020 10:40,1
3,31,Firozepur,1,27-05-2020 10:40,27-05-2020 10:40,1
19,310,Dinajpur Dakshin,1,27-05-2020 10:40,27-05-2020 10:40,1
19,311,Dinajpur Uttar,1,27-05-2020 10:40,27-05-2020 10:40,1
19,312,Hooghly,1,27-05-2020 10:40,27-05-2020 10:40,1
19,313,Howrah,1,27-05-2020 10:40,27-05-2020 10:40,1
19,314,Jalpaiguri,1,27-05-2020 10:40,27-05-2020 10:40,1
19,315,Kolkata,1,27-05-2020 10:40,27-05-2020 10:40,1
19,316,Maldah,1,27-05-2020 10:40,27-05-2020 10:40,1
19,317,Medinipur East,1,27-05-2020 10:40,27-05-2020 10:40,1
19,318,Medinipur West,1,27-05-2020 10:40,27-05-2020 10:40,1
19,319,Murshidabad,1,27-05-2020 10:40,27-05-2020 10:40,1
3,32,Gurdaspur,1,27-05-2020 10:40,27-05-2020 10:40,1
19,320,Nadia,1,27-05-2020 10:40,27-05-2020 10:40,1
19,321,Purulia,1,27-05-2020 10:40,27-05-2020 10:40,1
20,322,Bokaro,1,27-05-2020 10:40,27-05-2020 10:40,1
20,323,Chatra,1,27-05-2020 10:40,27-05-2020 10:40,1
20,324,Deoghar,1,27-05-2020 10:40,27-05-2020 10:40,1
20,325,Dhanbad,1,27-05-2020 10:40,27-05-2020 10:40,1
20,326,Dumka,1,27-05-2020 10:40,27-05-2020 10:40,1
20,327,East Singhbum,1,27-05-2020 10:40,27-05-2020 10:40,1
20,328,Garhwa,1,27-05-2020 10:40,27-05-2020 10:40,1
20,329,Giridih,1,27-05-2020 10:40,27-05-2020 10:40,1
3,33,Hoshiarpur,1,27-05-2020 10:40,27-05-2020 10:40,1
20,330,Godda,1,27-05-2020 10:40,27-05-2020 10:40,1
20,331,Gumla,1,27-05-2020 10:40,27-05-2020 10:40,1
20,332,Hazaribagh,1,27-05-2020 10:40,27-05-2020 10:40,1
20,333,Jamtara,1,27-05-2020 10:40,27-05-2020 10:40,1
20,334,Koderma,1,27-05-2020 10:40,27-05-2020 10:40,1
20,335,Latehar,1,27-05-2020 10:40,27-05-2020 10:40,1
20,336,Lohardaga,1,27-05-2020 10:40,27-05-2020 10:40,1
20,337,Pakur,1,27-05-2020 10:40,27-05-2020 10:40,1
20,338,Palamu,1,27-05-2020 10:40,27-05-2020 10:40,1
20,339,Ranchi,1,27-05-2020 10:40,27-05-2020 10:40,1
3,34,Jalandhar,1,27-05-2020 10:40,27-05-2020 10:40,1
20,340,Sahebganj,1,27-05-2020 10:40,27-05-2020 10:40,1
20,341,Saraikela Kharsawan,1,27-05-2020 10:40,27-05-2020 10:40,1
20,342,Simdega,1,27-05-2020 10:40,27-05-2020 10:40,1
20,343,West Singhbhum,1,27-05-2020 10:40,27-05-2020 10:40,1
21,344,Anugul,1,27-05-2020 10:40,27-05-2020 10:40,1
21,345,Balangir,1,27-05-2020 10:40,27-05-2020 10:40,1
21,346,Baleshwar,1,27-05-2020 10:40,27-05-2020 10:40,1
21,347,Bargarh,1,27-05-2020 10:40,27-05-2020 10:40,1
21,348,Bhadrak,1,27-05-2020 10:40,27-05-2020 10:40,1
21,349,Boudh,1,27-05-2020 10:40,27-05-2020 10:40,1
3,35,Kapurthala,1,27-05-2020 10:40,27-05-2020 10:40,1
21,350,Cuttack,1,27-05-2020 10:40,27-05-2020 10:40,1
21,351,Deogarh,1,27-05-2020 10:40,27-05-2020 10:40,1
21,352,Dhenkanal,1,27-05-2020 10:40,27-05-2020 10:40,1
21,353,Gajapati,1,27-05-2020 10:40,27-05-2020 10:40,1
21,354,Ganjam,1,27-05-2020 10:40,27-05-2020 10:40,1
21,355,Jagatsinghapur,1,27-05-2020 10:40,27-05-2020 10:40,1
21,356,Jajapur,1,27-05-2020 10:40,27-05-2020 10:40,1
21,357,Jharsuguda,1,27-05-2020 10:40,27-05-2020 10:40,1
21,358,Kalahandi,1,27-05-2020 10:40,27-05-2020 10:40,1
21,359,Kandhamal,1,27-05-2020 10:40,27-05-2020 10:40,1
3,36,Ludhiana,1,27-05-2020 10:40,27-05-2020 10:40,1
21,360,Kendrapara,1,27-05-2020 10:40,27-05-2020 10:40,1
21,361,Kendujhar,1,27-05-2020 10:40,27-05-2020 10:40,1
21,362,Khordha,1,27-05-2020 10:40,27-05-2020 10:40,1
21,363,Koraput,1,27-05-2020 10:40,27-05-2020 10:40,1
21,364,Malkangiri,1,27-05-2020 10:40,27-05-2020 10:40,1
21,365,Mayurbhanj,1,27-05-2020 10:40,27-05-2020 10:40,1
21,366,Nabarangpur,1,27-05-2020 10:40,27-05-2020 10:40,1
21,367,Nayagarh,1,27-05-2020 10:40,27-05-2020 10:40,1
21,368,Nuapada,1,27-05-2020 10:40,27-05-2020 10:40,1
21,369,Puri,1,27-05-2020 10:40,27-05-2020 10:40,1
3,37,Mansa,1,27-05-2020 10:40,27-05-2020 10:40,1
21,370,Rayagada,1,27-05-2020 10:40,27-05-2020 10:40,1
21,371,Sambalpur,1,27-05-2020 10:40,27-05-2020 10:40,1
21,372,Sonepur,1,27-05-2020 10:40,27-05-2020 10:40,1
21,373,Sundargarh,1,27-05-2020 10:40,27-05-2020 10:40,1
22,374,Bastar,1,27-05-2020 10:40,27-05-2020 10:40,1
22,375,Bilaspur,1,27-05-2020 10:40,27-05-2020 10:40,1
22,376,Dantewada,1,27-05-2020 10:40,27-05-2020 10:40,1
22,377,Dhamtari,1,27-05-2020 10:40,27-05-2020 10:40,1
22,378,Durg,1,27-05-2020 10:40,27-05-2020 10:40,1
22,379,Janjgir-Champa,1,27-05-2020 10:40,27-05-2020 10:40,1
3,38,Moga,1,27-05-2020 10:40,27-05-2020 10:40,1
22,380,Jashpur,1,27-05-2020 10:40,27-05-2020 10:40,1
22,381,Kanker,1,27-05-2020 10:40,27-05-2020 10:40,1
22,382,Kabirdham,1,27-05-2020 10:40,27-05-2020 10:40,1
22,383,Korba,1,27-05-2020 10:40,27-05-2020 10:40,1
22,384,Korea,1,27-05-2020 10:40,27-05-2020 10:40,1
22,385,Mahasamund,1,27-05-2020 10:40,27-05-2020 10:40,1
22,386,Raigarh,1,27-05-2020 10:40,27-05-2020 10:40,1
22,387,Raipur,1,27-05-2020 10:40,27-05-2020 10:40,1
22,388,Rajnandgaon,1,27-05-2020 10:40,27-05-2020 10:40,1
22,389,Surguja,1,27-05-2020 10:40,27-05-2020 10:40,1
3,39,Sri Muktsar Sahib,1,27-05-2020 10:40,27-05-2020 10:40,1
23,390,Anuppur,1,27-05-2020 10:40,27-05-2020 10:40,1
23,391,Ashoknagar,1,27-05-2020 10:40,27-05-2020 10:40,1
23,392,Balaghat,1,27-05-2020 10:40,27-05-2020 10:40,1
23,393,Barwani,1,27-05-2020 10:40,27-05-2020 10:40,1
23,394,Betul,1,27-05-2020 10:40,27-05-2020 10:40,1
23,395,Bhind,1,27-05-2020 10:40,27-05-2020 10:40,1
23,396,Bhopal,1,27-05-2020 10:40,27-05-2020 10:40,1
23,397,Burhanpur,1,27-05-2020 10:40,27-05-2020 10:40,1
23,398,Chhatarpur,1,27-05-2020 10:40,27-05-2020 10:40,1
23,399,Chhindwara,1,27-05-2020 10:40,27-05-2020 10:40,1
1,4,Doda,1,27-05-2020 10:40,27-05-2020 10:40,1
3,40,Shahid Bhagat Singh Nagar,1,27-05-2020 10:40,27-05-2020 10:40,1
23,400,Damoh,1,27-05-2020 10:40,27-05-2020 10:40,1
23,401,Datia,1,27-05-2020 10:40,27-05-2020 10:40,1
23,402,Dewas,1,27-05-2020 10:40,27-05-2020 10:40,1
23,403,Dhar,1,27-05-2020 10:40,27-05-2020 10:40,1
23,404,Dindori,1,27-05-2020 10:40,27-05-2020 10:40,1
23,405,East Nimar,1,27-05-2020 10:40,27-05-2020 10:40,1
23,406,Guna,1,27-05-2020 10:40,27-05-2020 10:40,1
23,407,Gwalior,1,27-05-2020 10:40,27-05-2020 10:40,1
23,408,Harda,1,27-05-2020 10:40,27-05-2020 10:40,1
23,409,Hoshangabad,1,27-05-2020 10:40,27-05-2020 10:40,1
3,41,Patiala,1,27-05-2020 10:40,27-05-2020 10:40,1
23,410,Indore,1,27-05-2020 10:40,27-05-2020 10:40,1
23,411,Jabalpur,1,27-05-2020 10:40,27-05-2020 10:40,1
23,412,Jhabua,1,27-05-2020 10:40,27-05-2020 10:40,1
23,413,Katni,1,27-05-2020 10:40,27-05-2020 10:40,1
23,414,Khargone,1,27-05-2020 10:40,27-05-2020 10:40,1
23,415,Mandla,1,27-05-2020 10:40,27-05-2020 10:40,1
23,416,Mandsaur,1,27-05-2020 10:40,27-05-2020 10:40,1
23,417,Morena,1,27-05-2020 10:40,27-05-2020 10:40,1
23,418,Narsinghpur,1,27-05-2020 10:40,27-05-2020 10:40,1
23,419,Neemuch,1,27-05-2020 10:40,27-05-2020 10:40,1
3,42,Rupnagar,1,27-05-2020 10:40,27-05-2020 10:40,1
23,420,Panna,1,27-05-2020 10:40,27-05-2020 10:40,1
23,421,Raisen,1,27-05-2020 10:40,27-05-2020 10:40,1
23,422,Rajgarh,1,27-05-2020 10:40,27-05-2020 10:40,1
23,423,Ratlam,1,27-05-2020 10:40,27-05-2020 10:40,1
23,424,Rewa,1,27-05-2020 10:40,27-05-2020 10:40,1
23,425,Sagar,1,27-05-2020 10:40,27-05-2020 10:40,1
23,426,Satna,1,27-05-2020 10:40,27-05-2020 10:40,1
23,427,Sehore,1,27-05-2020 10:40,27-05-2020 10:40,1
23,428,Seoni,1,27-05-2020 10:40,27-05-2020 10:40,1
23,429,Shahdol,1,27-05-2020 10:40,27-05-2020 10:40,1
3,43,Sangrur,1,27-05-2020 10:40,27-05-2020 10:40,1
23,430,Shajapur,1,27-05-2020 10:40,27-05-2020 10:40,1
23,431,Sheopur,1,27-05-2020 10:40,27-05-2020 10:40,1
23,432,Shivpuri,1,27-05-2020 10:40,27-05-2020 10:40,1
23,433,Sidhi,1,27-05-2020 10:40,27-05-2020 10:40,1
23,434,Tikamgarh,1,27-05-2020 10:40,27-05-2020 10:40,1
23,435,Ujjain,1,27-05-2020 10:40,27-05-2020 10:40,1
23,436,Umaria,1,27-05-2020 10:40,27-05-2020 10:40,1
23,437,Vidisha,1,27-05-2020 10:40,27-05-2020 10:40,1
24,438,Ahmadabad,1,27-05-2020 10:40,27-05-2020 10:40,1
24,439,Amreli,1,27-05-2020 10:40,27-05-2020 10:40,1
4,44,Chandigarh,1,27-05-2020 10:40,27-05-2020 10:40,1
24,440,Anand,1,27-05-2020 10:40,27-05-2020 10:40,1
24,441,Banas Kantha,1,27-05-2020 10:40,27-05-2020 10:40,1
24,442,Bharuch,1,27-05-2020 10:40,27-05-2020 10:40,1
24,443,Bhavnagar,1,27-05-2020 10:40,27-05-2020 10:40,1
24,444,Dang,1,27-05-2020 10:40,27-05-2020 10:40,1
24,445,Dohad,1,27-05-2020 10:40,27-05-2020 10:40,1
24,446,Gandhinagar,1,27-05-2020 10:40,27-05-2020 10:40,1
24,447,Jamnagar,1,27-05-2020 10:40,27-05-2020 10:40,1
24,448,Junagadh,1,27-05-2020 10:40,27-05-2020 10:40,1
24,449,Kachchh,1,27-05-2020 10:40,27-05-2020 10:40,1
5,45,Almora,1,27-05-2020 10:40,27-05-2020 10:40,1
24,450,Kheda,1,27-05-2020 10:40,27-05-2020 10:40,1
24,451,Mahesana,1,27-05-2020 10:40,27-05-2020 10:40,1
24,452,Narmada,1,27-05-2020 10:40,27-05-2020 10:40,1
24,453,Navsari,1,27-05-2020 10:40,27-05-2020 10:40,1
24,454,Panch Mahals,1,27-05-2020 10:40,27-05-2020 10:40,1
24,455,Patan,1,27-05-2020 10:40,27-05-2020 10:40,1
24,456,Porbandar,1,27-05-2020 10:40,27-05-2020 10:40,1
24,457,Rajkot,1,27-05-2020 10:40,27-05-2020 10:40,1
24,458,Sabar Kantha,1,27-05-2020 10:40,27-05-2020 10:40,1
24,459,Surat,1,27-05-2020 10:40,27-05-2020 10:40,1
5,46,Bageshwar,1,27-05-2020 10:40,27-05-2020 10:40,1
24,460,Surendranagar,1,27-05-2020 10:40,27-05-2020 10:40,1
24,461,Vadodara,1,27-05-2020 10:40,27-05-2020 10:40,1
24,462,Valsad,1,27-05-2020 10:40,27-05-2020 10:40,1
25,463,Daman,1,27-05-2020 10:40,27-05-2020 10:40,1
25,464,Diu,1,27-05-2020 10:40,27-05-2020 10:40,1
26,465,Dadra And Nagar Haveli,1,27-05-2020 10:40,27-05-2020 10:40,1
27,466,Ahmednagar,1,27-05-2020 10:40,27-05-2020 10:40,1
27,467,Akola,1,27-05-2020 10:40,27-05-2020 10:40,1
27,468,Amravati,1,27-05-2020 10:40,27-05-2020 10:40,1
27,469,Aurangabad,1,27-05-2020 10:40,27-05-2020 10:40,1
5,47,Chamoli,1,27-05-2020 10:40,27-05-2020 10:40,1
27,470,Beed,1,27-05-2020 10:40,27-05-2020 10:40,1
27,471,Bhandara,1,27-05-2020 10:40,27-05-2020 10:40,1
27,472,Buldhana,1,27-05-2020 10:40,27-05-2020 10:40,1
27,473,Chandrapur,1,27-05-2020 10:40,27-05-2020 10:40,1
27,474,Dhule,1,27-05-2020 10:40,27-05-2020 10:40,1
27,475,Gadchiroli,1,27-05-2020 10:40,27-05-2020 10:40,1
27,476,Gondia,1,27-05-2020 10:40,27-05-2020 10:40,1
27,477,Hingoli,1,27-05-2020 10:40,27-05-2020 10:40,1
27,478,Jalgaon,1,27-05-2020 10:40,27-05-2020 10:40,1
27,479,Jalna,1,27-05-2020 10:40,27-05-2020 10:40,1
5,48,Champawat,1,27-05-2020 10:40,27-05-2020 10:40,1
27,480,Kolhapur,1,27-05-2020 10:40,27-05-2020 10:40,1
27,481,Latur,1,27-05-2020 10:40,27-05-2020 10:40,1
27,482,Mumbai,1,27-05-2020 10:40,27-05-2020 10:40,1
27,483,Mumbai Suburban,1,27-05-2020 10:40,27-05-2020 10:40,1
27,484,Nagpur,1,27-05-2020 10:40,27-05-2020 10:40,1
27,485,Nanded,1,27-05-2020 10:40,27-05-2020 10:40,1
27,486,Nandurbar,1,27-05-2020 10:40,27-05-2020 10:40,1
27,487,Nashik,1,27-05-2020 10:40,27-05-2020 10:40,1
27,488,Osmanabad,1,27-05-2020 10:40,27-05-2020 10:40,1
27,489,Parbhani,1,27-05-2020 10:40,27-05-2020 10:40,1
5,49,Dehradun,1,27-05-2020 10:40,27-05-2020 10:40,1
27,490,Pune,1,27-05-2020 10:40,27-05-2020 10:40,1
27,491,Raigad,1,27-05-2020 10:40,27-05-2020 10:40,1
27,492,Ratnagiri,1,27-05-2020 10:40,27-05-2020 10:40,1
27,493,Sangli,1,27-05-2020 10:40,27-05-2020 10:40,1
27,494,Satara,1,27-05-2020 10:40,27-05-2020 10:40,1
27,495,Sindhudurg,1,27-05-2020 10:40,27-05-2020 10:40,1
27,496,Solapur,1,27-05-2020 10:40,27-05-2020 10:40,1
27,497,Thane,1,27-05-2020 10:40,27-05-2020 10:40,1
27,498,Wardha,1,27-05-2020 10:40,27-05-2020 10:40,1
27,499,Washim,1,27-05-2020 10:40,27-05-2020 10:40,1
1,5,Jammu,1,27-05-2020 10:40,27-05-2020 10:40,1
5,50,Haridwar,1,27-05-2020 10:40,27-05-2020 10:40,1
27,500,Yavatmal,1,27-05-2020 10:40,27-05-2020 10:40,1
36,501,Adilabad,1,27-05-2020 10:40,27-05-2020 10:40,1
28,502,Anantapur,1,27-05-2020 10:40,27-05-2020 10:40,1
28,503,Chittoor,1,27-05-2020 10:40,27-05-2020 10:40,1
28,504,Y.S.R.,1,27-05-2020 10:40,27-05-2020 10:40,1
28,505,East Godavari,1,27-05-2020 10:40,27-05-2020 10:40,1
28,506,Guntur,1,27-05-2020 10:40,27-05-2020 10:40,1
36,507,Hyderabad,1,27-05-2020 10:40,27-05-2020 10:40,1
36,508,Karimnagar,1,27-05-2020 10:40,27-05-2020 10:40,1
36,509,Khammam,1,27-05-2020 10:40,27-05-2020 10:40,1
5,51,Nainital,1,27-05-2020 10:40,27-05-2020 10:40,1
28,510,Krishna,1,27-05-2020 10:40,27-05-2020 10:40,1
28,511,Kurnool,1,27-05-2020 10:40,27-05-2020 10:40,1
36,512,Mahabubnagar,1,27-05-2020 10:40,27-05-2020 10:40,1
36,513,Medak,1,27-05-2020 10:40,27-05-2020 10:40,1
36,514,Nalgonda,1,27-05-2020 10:40,27-05-2020 10:40,1
28,515,Spsr Nellore,1,27-05-2020 10:40,27-05-2020 10:40,1
36,516,Nizamabad,1,27-05-2020 10:40,27-05-2020 10:40,1
28,517,Prakasam,1,27-05-2020 10:40,27-05-2020 10:40,1
36,518,Ranga Reddy,1,27-05-2020 10:40,27-05-2020 10:40,1
28,519,Srikakulam,1,27-05-2020 10:40,27-05-2020 10:40,1
5,52,Pauri Garhwal,1,27-05-2020 10:40,27-05-2020 10:40,1
28,520,Visakhapatanam,1,27-05-2020 10:40,27-05-2020 10:40,1
28,521,Vizianagaram,1,27-05-2020 10:40,27-05-2020 10:40,1
36,522,Warangal Rural,1,27-05-2020 10:40,27-05-2020 10:40,1
28,523,West Godavari,1,27-05-2020 10:40,27-05-2020 10:40,1
29,524,Bagalkote,1,27-05-2020 10:40,27-05-2020 10:40,1
29,525,Bengaluru Urban,1,27-05-2020 10:40,27-05-2020 10:40,1
29,526,Bengaluru Rural,1,27-05-2020 10:40,27-05-2020 10:40,1
29,527,Belagavi,1,27-05-2020 10:40,27-05-2020 10:40,1
29,528,Ballari,1,27-05-2020 10:40,27-05-2020 10:40,1
29,529,Bidar,1,27-05-2020 10:40,27-05-2020 10:40,1
5,53,Pithoragarh,1,27-05-2020 10:40,27-05-2020 10:40,1
29,530,Vijayapura,1,27-05-2020 10:40,27-05-2020 10:40,1
29,531,Chamarajanagara,1,27-05-2020 10:40,27-05-2020 10:40,1
29,532,Chikkamagaluru,1,27-05-2020 10:40,27-05-2020 10:40,1
29,533,Chitradurga,1,27-05-2020 10:40,27-05-2020 10:40,1
29,534,Dakshina Kannada,1,27-05-2020 10:40,27-05-2020 10:40,1
29,535,Davangere,1,27-05-2020 10:40,27-05-2020 10:40,1
29,536,Dharwad,1,27-05-2020 10:40,27-05-2020 10:40,1
29,537,Gadag,1,27-05-2020 10:40,27-05-2020 10:40,1
29,538,Kalaburagi,1,27-05-2020 10:40,27-05-2020 10:40,1
29,539,Hassan,1,27-05-2020 10:40,27-05-2020 10:40,1
5,54,Rudra Prayag,1,27-05-2020 10:40,27-05-2020 10:40,1
29,540,Haveri,1,27-05-2020 10:40,27-05-2020 10:40,1
29,541,Kodagu,1,27-05-2020 10:40,27-05-2020 10:40,1
29,542,Kolar,1,27-05-2020 10:40,27-05-2020 10:40,1
29,543,Koppal,1,27-05-2020 10:40,27-05-2020 10:40,1
29,544,Mandya,1,27-05-2020 10:40,27-05-2020 10:40,1
29,545,Mysuru,1,27-05-2020 10:40,27-05-2020 10:40,1
29,546,Raichur,1,27-05-2020 10:40,27-05-2020 10:40,1
29,547,Shivamogga,1,27-05-2020 10:40,27-05-2020 10:40,1
29,548,Tumakuru,1,27-05-2020 10:40,27-05-2020 10:40,1
29,549,Udupi,1,27-05-2020 10:40,27-05-2020 10:40,1
5,55,Tehri Garhwal,1,27-05-2020 10:40,27-05-2020 10:40,1
29,550,Uttara Kannada,1,27-05-2020 10:40,27-05-2020 10:40,1
30,551,North Goa,1,27-05-2020 10:40,27-05-2020 10:40,1
30,552,South Goa,1,27-05-2020 10:40,27-05-2020 10:40,1
31,553,Lakshadweep District,1,27-05-2020 10:40,27-05-2020 10:40,1
32,554,Alappuzha,1,27-05-2020 10:40,27-05-2020 10:40,1
32,555,Ernakulam,1,27-05-2020 10:40,27-05-2020 10:40,1
32,556,Idukki,1,27-05-2020 10:40,27-05-2020 10:40,1
32,557,Kannur,1,27-05-2020 10:40,27-05-2020 10:40,1
32,558,Kasaragod,1,27-05-2020 10:40,27-05-2020 10:40,1
32,559,Kollam,1,27-05-2020 10:40,27-05-2020 10:40,1
5,56,Udam Singh Nagar,1,27-05-2020 10:40,27-05-2020 10:40,1
32,560,Kottayam,1,27-05-2020 10:40,27-05-2020 10:40,1
32,561,Kozhikode,1,27-05-2020 10:40,27-05-2020 10:40,1
32,562,Malappuram,1,27-05-2020 10:40,27-05-2020 10:40,1
32,563,Palakkad,1,27-05-2020 10:40,27-05-2020 10:40,1
32,564,Pathanamthitta,1,27-05-2020 10:40,27-05-2020 10:40,1
32,565,Thiruvananthapuram,1,27-05-2020 10:40,27-05-2020 10:40,1
32,566,Thrissur,1,27-05-2020 10:40,27-05-2020 10:40,1
32,567,Wayanad,1,27-05-2020 10:40,27-05-2020 10:40,1
33,568,Chennai,1,27-05-2020 10:40,27-05-2020 10:40,1
33,569,Coimbatore,1,27-05-2020 10:41,27-05-2020 10:41,1
5,57,Uttar Kashi,1,27-05-2020 10:41,27-05-2020 10:41,1
33,570,Cuddalore,1,27-05-2020 10:41,27-05-2020 10:41,1
33,571,Dharmapuri,1,27-05-2020 10:41,27-05-2020 10:41,1
33,572,Dindigul,1,27-05-2020 10:41,27-05-2020 10:41,1
33,573,Erode,1,27-05-2020 10:41,27-05-2020 10:41,1
33,574,Kanchipuram,1,27-05-2020 10:41,27-05-2020 10:41,1
33,575,Kanniyakumari,1,27-05-2020 10:41,27-05-2020 10:41,1
33,576,Karur,1,27-05-2020 10:41,27-05-2020 10:41,1
33,577,Krishnagiri,1,27-05-2020 10:41,27-05-2020 10:41,1
33,578,Madurai,1,27-05-2020 10:41,27-05-2020 10:41,1
33,579,Nagapattinam,1,27-05-2020 10:41,27-05-2020 10:41,1
6,58,Ambala,1,27-05-2020 10:41,27-05-2020 10:41,1
33,580,Namakkal,1,27-05-2020 10:41,27-05-2020 10:41,1
33,581,Perambalur,1,27-05-2020 10:41,27-05-2020 10:41,1
33,582,Pudukkottai,1,27-05-2020 10:41,27-05-2020 10:41,1
33,583,Ramanathapuram,1,27-05-2020 10:41,27-05-2020 10:41,1
33,584,Salem,1,27-05-2020 10:41,27-05-2020 10:41,1
33,585,Sivaganga,1,27-05-2020 10:41,27-05-2020 10:41,1
33,586,Thanjavur,1,27-05-2020 10:41,27-05-2020 10:41,1
33,587,The Nilgiris,1,27-05-2020 10:41,27-05-2020 10:41,1
33,588,Theni,1,27-05-2020 10:41,27-05-2020 10:41,1
33,589,Thiruvallur,1,27-05-2020 10:41,27-05-2020 10:41,1
6,59,Bhiwani,1,27-05-2020 10:41,27-05-2020 10:41,1
33,590,Thiruvarur,1,27-05-2020 10:41,27-05-2020 10:41,1
33,591,Tiruchirappalli,1,27-05-2020 10:41,27-05-2020 10:41,1
33,592,Tirunelveli,1,27-05-2020 10:41,27-05-2020 10:41,1
33,593,Tiruvannamalai,1,27-05-2020 10:41,27-05-2020 10:41,1
33,594,Tuticorin,1,27-05-2020 10:41,27-05-2020 10:41,1
33,595,Vellore,1,27-05-2020 10:41,27-05-2020 10:41,1
33,596,Villupuram,1,27-05-2020 10:41,27-05-2020 10:41,1
33,597,Virudhunagar,1,27-05-2020 10:41,27-05-2020 10:41,1
34,598,Karaikal,1,27-05-2020 10:41,27-05-2020 10:41,1
34,599,Mahe,1,27-05-2020 10:41,27-05-2020 10:41,1
37,6,Kargil,1,27-05-2020 10:41,27-05-2020 10:41,1
6,60,Faridabad,1,27-05-2020 10:41,27-05-2020 10:41,1
34,600,Pondicherry,1,27-05-2020 10:41,27-05-2020 10:41,1
34,601,Yanam,1,27-05-2020 10:41,27-05-2020 10:41,1
35,602,South Andamans,1,27-05-2020 10:41,27-05-2020 10:41,1
35,603,Nicobars,1,27-05-2020 10:41,27-05-2020 10:41,1
6,604,Nuh,1,27-05-2020 10:41,27-05-2020 10:41,1
3,605,Barnala,1,27-05-2020 10:41,27-05-2020 10:41,1
20,606,Khunti,1,27-05-2020 10:41,27-05-2020 10:41,1
20,607,Ramgarh,1,27-05-2020 10:41,27-05-2020 10:41,1
3,608,S.A.S Nagar,1,27-05-2020 10:41,27-05-2020 10:41,1
3,609,Tarn Taran,1,27-05-2020 10:41,27-05-2020 10:41,1
6,61,Fatehabad,1,27-05-2020 10:41,27-05-2020 10:41,1
33,610,Ariyalur,1,27-05-2020 10:41,27-05-2020 10:41,1
10,611,Arwal,1,27-05-2020 10:41,27-05-2020 10:41,1
18,612,Chirang,1,27-05-2020 10:41,27-05-2020 10:41,1
13,613,Peren,1,27-05-2020 10:41,27-05-2020 10:41,1
13,614,Kiphire,1,27-05-2020 10:41,27-05-2020 10:41,1
13,615,Longleng,1,27-05-2020 10:41,27-05-2020 10:41,1
18,616,Baksa,1,27-05-2020 10:41,27-05-2020 10:41,1
18,617,Udalguri,1,27-05-2020 10:41,27-05-2020 10:41,1
18,618,Kamrup Metro,1,27-05-2020 10:41,27-05-2020 10:41,1
6,619,Palwal,1,27-05-2020 10:41,27-05-2020 10:41,1
6,62,Gurugram,1,27-05-2020 10:41,27-05-2020 10:41,1
1,620,Kishtwar,1,27-05-2020 10:41,27-05-2020 10:41,1
1,621,Ramban,1,27-05-2020 10:41,27-05-2020 10:41,1
1,622,Kulgam,1,27-05-2020 10:41,27-05-2020 10:41,1
1,623,Bandipora,1,27-05-2020 10:41,27-05-2020 10:41,1
1,624,Samba,1,27-05-2020 10:41,27-05-2020 10:41,1
1,625,Shopian,1,27-05-2020 10:41,27-05-2020 10:41,1
1,626,Ganderbal,1,27-05-2020 10:41,27-05-2020 10:41,1
1,627,Reasi,1,27-05-2020 10:41,27-05-2020 10:41,1
12,628,Anjaw,1,27-05-2020 10:41,27-05-2020 10:41,1
8,629,Pratapgarh,1,27-05-2020 10:41,27-05-2020 10:41,1
6,63,Hisar,1,27-05-2020 10:41,27-05-2020 10:41,1
29,630,Chikkaballapura,1,27-05-2020 10:41,27-05-2020 10:41,1
29,631,Ramanagara,1,27-05-2020 10:41,27-05-2020 10:41,1
35,632,North And Middle Andaman,1,27-05-2020 10:41,27-05-2020 10:41,1
9,633,Kasganj,1,27-05-2020 10:41,27-05-2020 10:41,1
33,634,Tiruppur,1,27-05-2020 10:41,27-05-2020 10:41,1
29,635,Yadgir,1,27-05-2020 10:41,27-05-2020 10:41,1
22,636,Bijapur,1,27-05-2020 10:41,27-05-2020 10:41,1
22,637,Narayanpur,1,27-05-2020 10:41,27-05-2020 10:41,1
23,638,Singrauli,1,27-05-2020 10:41,27-05-2020 10:41,1
23,639,Alirajpur,1,27-05-2020 10:41,27-05-2020 10:41,1
6,64,Jhajjar,1,27-05-2020 10:41,27-05-2020 10:41,1
9,640,Amethi,1,27-05-2020 10:41,27-05-2020 10:41,1
24,641,Tapi,1,27-05-2020 10:41,27-05-2020 10:41,1
22,642,Sukma,1,27-05-2020 10:41,27-05-2020 10:41,1
22,643,Kondagaon,1,27-05-2020 10:41,27-05-2020 10:41,1
22,644,Baloda Bazar,1,27-05-2020 10:41,27-05-2020 10:41,1
22,645,Gariyaband,1,27-05-2020 10:41,27-05-2020 10:41,1
22,646,Balod,1,27-05-2020 10:41,27-05-2020 10:41,1
22,647,Mungeli,1,27-05-2020 10:41,27-05-2020 10:41,1
22,648,Surajpur,1,27-05-2020 10:41,27-05-2020 10:41,1
22,649,Balrampur,1,27-05-2020 10:41,27-05-2020 10:41,1
6,65,Jind,1,27-05-2020 10:41,27-05-2020 10:41,1
22,650,Bemetara,1,27-05-2020 10:41,27-05-2020 10:41,1
3,651,Fazilka,1,27-05-2020 10:41,27-05-2020 10:41,1
16,652,Khowai,1,27-05-2020 10:41,27-05-2020 10:41,1
16,653,Sepahijala,1,27-05-2020 10:41,27-05-2020 10:41,1
16,654,Gomati,1,27-05-2020 10:41,27-05-2020 10:41,1
16,655,Unakoti,1,27-05-2020 10:41,27-05-2020 10:41,1
17,656,North Garo Hills,1,27-05-2020 10:41,27-05-2020 10:41,1
17,657,East Jaintia Hills,1,27-05-2020 10:41,27-05-2020 10:41,1
17,658,South West Khasi Hills,1,27-05-2020 10:41,27-05-2020 10:41,1
9,659,Sambhal,1,27-05-2020 10:41,27-05-2020 10:41,1
6,66,Kaithal,1,27-05-2020 10:41,27-05-2020 10:41,1
9,660,Shamli,1,27-05-2020 10:41,27-05-2020 10:41,1
9,661,Hapur,1,27-05-2020 10:41,27-05-2020 10:41,1
3,662,Pathankot,1,27-05-2020 10:41,27-05-2020 10:41,1
17,663,South West Garo Hills,1,27-05-2020 10:41,27-05-2020 10:41,1
19,664,Alipurduar,1,27-05-2020 10:41,27-05-2020 10:41,1
27,665,Palghar,1,27-05-2020 10:41,27-05-2020 10:41,1
12,666,Longding,1,27-05-2020 10:41,27-05-2020 10:41,1
23,667,Agar Malwa,1,27-05-2020 10:41,27-05-2020 10:41,1
24,668,Chhotaudepur,1,27-05-2020 10:41,27-05-2020 10:41,1
24,669,Mahisagar,1,27-05-2020 10:41,27-05-2020 10:41,1
6,67,Karnal,1,27-05-2020 10:41,27-05-2020 10:41,1
7,670,South East,1,27-05-2020 10:41,27-05-2020 10:41,1
7,671,Shahdara,1,27-05-2020 10:41,27-05-2020 10:41,1
24,672,Arvalli,1,27-05-2020 10:41,27-05-2020 10:41,1
24,673,Morbi,1,27-05-2020 10:41,27-05-2020 10:41,1
24,674,Devbhumi Dwarka,1,27-05-2020 10:41,27-05-2020 10:41,1
24,675,Gir Somnath,1,27-05-2020 10:41,27-05-2020 10:41,1
24,676,Botad,1,27-05-2020 10:41,27-05-2020 10:41,1
12,677,Kra Daadi,1,27-05-2020 10:41,27-05-2020 10:41,1
12,678,Namsai,1,27-05-2020 10:41,27-05-2020 10:41,1
12,679,Siang,1,27-05-2020 10:41,27-05-2020 10:41,1
6,68,Kurukshetra,1,27-05-2020 10:41,27-05-2020 10:41,1
36,680,Nirmal,1,27-05-2020 10:41,27-05-2020 10:41,1
36,681,Jagitial,1,27-05-2020 10:41,27-05-2020 10:41,1
36,682,Peddapalli,1,27-05-2020 10:41,27-05-2020 10:41,1
36,683,Rajanna Sircilla,1,27-05-2020 10:41,27-05-2020 10:41,1
36,684,Mancherial,1,27-05-2020 10:41,27-05-2020 10:41,1
36,685,Kamareddy,1,27-05-2020 10:41,27-05-2020 10:41,1
36,686,Warangal Urban,1,27-05-2020 10:41,27-05-2020 10:41,1
36,687,Jayashankar Bhupalapally,1,27-05-2020 10:41,27-05-2020 10:41,1
36,688,Mahabubabad,1,27-05-2020 10:41,27-05-2020 10:41,1
36,689,Jangoan,1,27-05-2020 10:41,27-05-2020 10:41,1
6,69,Mahendragarh,1,27-05-2020 10:41,27-05-2020 10:41,1
36,690,Bhadradri Kothagudem,1,27-05-2020 10:41,27-05-2020 10:41,1
36,691,Sangareddy,1,27-05-2020 10:41,27-05-2020 10:41,1
36,692,Siddipet,1,27-05-2020 10:41,27-05-2020 10:41,1
36,693,Wanaparthy,1,27-05-2020 10:41,27-05-2020 10:41,1
36,694,Nagarkurnool,1,27-05-2020 10:41,27-05-2020 10:41,1
36,695,Jogulamba Gadwal,1,27-05-2020 10:41,27-05-2020 10:41,1
36,696,Suryapet,1,27-05-2020 10:41,27-05-2020 10:41,1
36,697,Yadadri Bhuvanagiri,1,27-05-2020 10:41,27-05-2020 10:41,1
36,698,Vikarabad,1,27-05-2020 10:41,27-05-2020 10:41,1
36,699,Kumuram Bheem Asifabad,1,27-05-2020 10:41,27-05-2020 10:41,1
1,7,Kathua,1,27-05-2020 10:41,27-05-2020 10:41,1
6,70,Panchkula,1,27-05-2020 10:41,27-05-2020 10:41,1
36,700,Medchal Malkajgiri,1,27-05-2020 10:41,27-05-2020 10:41,1
6,701,Charki Dadri,1,27-05-2020 10:41,27-05-2020 10:41,1
19,702,Kalimpong,1,27-05-2020 10:41,27-05-2020 10:41,1
19,703,Jhargram,1,27-05-2020 10:41,27-05-2020 10:41,1
19,704,Paschim Bardhaman,1,27-05-2020 10:41,27-05-2020 10:41,1
18,705,Biswanath,1,27-05-2020 10:41,27-05-2020 10:41,1
18,706,Majuli,1,27-05-2020 10:41,27-05-2020 10:41,1
18,707,South Salmara Mancachar,1,27-05-2020 10:41,27-05-2020 10:41,1
18,708,Charaideo,1,27-05-2020 10:41,27-05-2020 10:41,1
18,709,Hojai,1,27-05-2020 10:41,27-05-2020 10:41,1
6,71,Panipat,1,27-05-2020 10:41,27-05-2020 10:41,1
18,710,West Karbi Anglong,1,27-05-2020 10:41,27-05-2020 10:41,1
14,711,Kakching,1,27-05-2020 10:41,27-05-2020 10:41,1
14,712,Kangpokpi,1,27-05-2020 10:41,27-05-2020 10:41,1
14,713,Jiribam,1,27-05-2020 10:41,27-05-2020 10:41,1
14,714,Noney,1,27-05-2020 10:41,27-05-2020 10:41,1
14,715,Pherzawl,1,27-05-2020 10:41,27-05-2020 10:41,1
14,716,Tengnoupal,1,27-05-2020 10:41,27-05-2020 10:41,1
14,717,Kamjong,1,27-05-2020 10:41,27-05-2020 10:41,1
12,718,Kamle,1,27-05-2020 10:41,27-05-2020 10:41,1
12,719,Lower Siang,1,27-05-2020 10:41,27-05-2020 10:41,1
6,72,Rewari,1,27-05-2020 10:41,27-05-2020 10:41,1
36,1001,Narayanpet,1,27-05-2020 10:41,27-05-2020 10:41,1
6,73,Rohtak,1,27-05-2020 10:41,27-05-2020 10:41,1
6,74,Sirsa,1,27-05-2020 10:41,27-05-2020 10:41,1
6,75,Sonipat,1,27-05-2020 10:41,27-05-2020 10:41,1
6,76,Yamunanagar,1,27-05-2020 10:41,27-05-2020 10:41,1
7,77,Central,1,27-05-2020 10:41,27-05-2020 10:41,1
7,78,East,1,27-05-2020 10:41,27-05-2020 10:41,1
7,79,New Delhi,1,27-05-2020 10:41,27-05-2020 10:41,1
1,8,Kupwara,1,27-05-2020 10:41,27-05-2020 10:41,1
7,80,North,1,27-05-2020 10:41,27-05-2020 10:41,1
7,81,North East,1,27-05-2020 10:41,27-05-2020 10:41,1
7,82,North West,1,27-05-2020 10:41,27-05-2020 10:41,1
7,83,South,1,27-05-2020 10:41,27-05-2020 10:41,1
7,84,South West,1,27-05-2020 10:41,27-05-2020 10:41,1
7,85,West,1,27-05-2020 10:41,27-05-2020 10:41,1
8,86,Ajmer,1,27-05-2020 10:41,27-05-2020 10:41,1
8,87,Alwar,1,27-05-2020 10:41,27-05-2020 10:41,1
8,88,Banswara,1,27-05-2020 10:41,27-05-2020 10:41,1
8,89,Baran,1,27-05-2020 10:41,27-05-2020 10:41,1
37,9,Leh Ladakh,1,27-05-2020 10:41,27-05-2020 10:41,1
8,90,Barmer,1,27-05-2020 10:41,27-05-2020 10:41,1
8,91,Bharatpur,1,27-05-2020 10:41,27-05-2020 10:41,1
8,92,Bhilwara,1,27-05-2020 10:41,27-05-2020 10:41,1
8,93,Bikaner,1,27-05-2020 10:41,27-05-2020 10:41,1
8,94,Bundi,1,27-05-2020 10:41,27-05-2020 10:41,1
8,95,Chittorgarh,1,27-05-2020 10:41,27-05-2020 10:41,1
8,96,Churu,1,27-05-2020 10:41,27-05-2020 10:41,1
8,97,Dausa,1,27-05-2020 10:41,27-05-2020 10:41,1
8,98,Dholpur,1,27-05-2020 10:41,27-05-2020 10:41,1
8,99,Dungarpur,1,27-05-2020 10:41,27-05-2020 10:41,1
